Day,Time (UTC),Topic
Monday,05:30,What is Web3?
Monday,09:00,Future of AI in Education
Monday,14:30,AI vs Quantum Computing
Tuesday,06:00,Web3 vs Traditional Internet
Tuesday,09:30,Decentralized Finance (DeFi)
Tuesday,14:30,Can AI replace doctors?
Wednesday,05:30,Ethical AI boundaries
Wednesday,09:00,Blockchain in government
Wednesday,14:30,AI in personal productivity
Thursday,05:30,Web3 gaming trends
Thursday,11:30,AI in agriculture
Thursday,14:30,Quantum computing myths
Friday,05:30,AI in music and creativity
Friday,09:30,DAO vs Traditional Companies
Friday,14:30,Future of work with AI
Saturday,05:30,Big Tech & data privacy
Saturday,09:30,Augmented Reality vs Virtual Reality
Saturday,14:30,AI-generated content issues
Sunday,05:30,Climate change tech solutions
Sunday,09:30,Spirituality & technology
Sunday,14:30,Final thoughts on AI & Web3
